Geographic area name,Year,Meaning of Tax Type,"Amount ($1,000)"
,,,
AL,2015,Total Taxes,"9,755,439"
AL,2015,Property Taxes,"336,825"
AL,2015,Sales and Gross Receipts Taxes,"4,936,049"
AL,2015,General Sales and Gross Receipts Taxes,"2,463,912"
AL,2015,Selective Sales and Gross Receipts Taxes,"2,472,137"
AL,2015,Alcoholic Beverages Sales Tax,"192,490"
AL,2015,Amusements Sales Tax,18
AL,2015,Insurance Premiums Sales Tax,"312,030"
AL,2015,Motor Fuels Sales Tax,"560,188"
AL,2015,Pari-mutuels Sales Tax,"1,514"
AL,2015,Public Utilities Sales Tax,"734,531"
AL,2015,Tobacco Products Sales Tax,"116,414"
AL,2015,Other Selective Sales and Gross Receipts Taxes,"554,952"
AL,2015,License Taxes,"493,883"
AL,2015,Alcoholic Beverages License,"4,217"
AL,2015,Amusements License,0
AL,2015,Corporations in General License,"156,398"
AL,2015,Hunting and Fishing License,"22,443"
AL,2015,Motor Vehicle License,"211,144"
AL,2015,Motor Vehicle Operators License,"26,342"
AL,2015,Public Utilities License,"14,670"
AL,2015,"Occupation and Business License, NEC","58,668"
AL,2015,Other License Taxes,1
AL,2015,Income Taxes,"3,870,173"
AL,2015,Individual Income Taxes,"3,336,587"
AL,2015,Corporations Net Income Taxes,"533,586"
AL,2015,Other Taxes,"118,509"
AL,2015,Death and Gift Taxes,0
AL,2015,Documentarty and Stock Transfer Taxes,"39,274"
AL,2015,Severance Taxes,"79,235"
AL,2015,"Taxes, NEC",0
AK,2015,Total Taxes,"863,723"
AK,2015,Property Taxes,"127,821"
AK,2015,Sales and Gross Receipts Taxes,"255,971"
AK,2015,General Sales and Gross Receipts Taxes,X
AK,2015,Selective Sales and Gross Receipts Taxes,"255,971"
AK,2015,Alcoholic Beverages Sales Tax,"39,836"
AK,2015,Amusements Sales Tax,"9,144"
AK,2015,Insurance Premiums Sales Tax,"66,456"
AK,2015,Motor Fuels Sales Tax,"42,003"
AK,2015,Pari-mutuels Sales Tax,X
AK,2015,Public Utilities Sales Tax,"4,200"
AK,2015,Tobacco Products Sales Tax,"65,823"
AK,2015,Other Selective Sales and Gross Receipts Taxes,"28,509"
AK,2015,License Taxes,"146,846"
AK,2015,Alcoholic Beverages License,"1,845"
AK,2015,Amusements License,21
AK,2015,Corporations in General License,0
AK,2015,Hunting and Fishing License,"28,713"
AK,2015,Motor Vehicle License,"60,460"
AK,2015,Motor Vehicle Operators License,0
AK,2015,Public Utilities License,866
AK,2015,"Occupation and Business License, NEC","44,663"
AK,2015,Other License Taxes,"10,278"
AK,2015,Income Taxes,"227,852"
AK,2015,Individual Income Taxes,X
AK,2015,Corporations Net Income Taxes,"227,852"
AK,2015,Other Taxes,"105,233"
AK,2015,Death and Gift Taxes,0
AK,2015,Documentarty and Stock Transfer Taxes,X
AK,2015,Severance Taxes,"105,233"
AK,2015,"Taxes, NEC",0
AZ,2015,Total Taxes,"14,082,100"
AZ,2015,Property Taxes,"882,643"
AZ,2015,Sales and Gross Receipts Taxes,"8,246,393"
AZ,2015,General Sales and Gross Receipts Taxes,"6,466,167"
AZ,2015,Selective Sales and Gross Receipts Taxes,"1,780,226"
AZ,2015,Alcoholic Beverages Sales Tax,"71,270"
AZ,2015,Amusements Sales Tax,580
AZ,2015,Insurance Premiums Sales Tax,"466,788"
AZ,2015,Motor Fuels Sales Tax,"753,814"
AZ,2015,Pari-mutuels Sales Tax,185
AZ,2015,Public Utilities Sales Tax,"22,703"
AZ,2015,Tobacco Products Sales Tax,"314,239"
AZ,2015,Other Selective Sales and Gross Receipts Taxes,"150,647"
AZ,2015,License Taxes,"458,737"
AZ,2015,Alcoholic Beverages License,"6,764"
AZ,2015,Amusements License,0
AZ,2015,Corporations in General License,"10,105"
AZ,2015,Hunting and Fishing License,"34,229"
AZ,2015,Motor Vehicle License,"207,819"
AZ,2015,Motor Vehicle Operators License,"30,534"
AZ,2015,Public Utilities License,"17,546"
AZ,2015,"Occupation and Business License, NEC","148,516"
AZ,2015,Other License Taxes,"3,224"
AZ,2015,Income Taxes,"4,451,843"
AZ,2015,Individual Income Taxes,"3,760,883"
AZ,2015,Corporations Net Income Taxes,"690,960"
AZ,2015,Other Taxes,"42,484"
AZ,2015,Death and Gift Taxes,0
AZ,2015,Documentarty and Stock Transfer Taxes,"17,622"
AZ,2015,Severance Taxes,"24,862"
AZ,2015,"Taxes, NEC",0
AR,2015,Total Taxes,"9,190,212"
AR,2015,Property Taxes,"1,088,431"
AR,2015,Sales and Gross Receipts Taxes,"4,410,340"
AR,2015,General Sales and Gross Receipts Taxes,"3,182,211"
AR,2015,Selective Sales and Gross Receipts Taxes,"1,228,129"
AR,2015,Alcoholic Beverages Sales Tax,"53,256"
AR,2015,Amusements Sales Tax,"47,484"
AR,2015,Insurance Premiums Sales Tax,"190,884"
AR,2015,Motor Fuels Sales Tax,"461,731"
AR,2015,Pari-mutuels Sales Tax,"2,791"
AR,2015,Public Utilities Sales Tax,0
AR,2015,Tobacco Products Sales Tax,"225,097"
AR,2015,Other Selective Sales and Gross Receipts Taxes,"246,886"
AR,2015,License Taxes,"384,306"
AR,2015,Alcoholic Beverages License,"4,751"
AR,2015,Amusements License,497
AR,2015,Corporations in General License,"27,177"
AR,2015,Hunting and Fishing License,"24,492"
AR,2015,Motor Vehicle License,"157,628"
AR,2015,Motor Vehicle Operators License,"18,177"
AR,2015,Public Utilities License,"9,032"
AR,2015,"Occupation and Business License, NEC","140,712"
AR,2015,Other License Taxes,"1,840"
AR,2015,Income Taxes,"3,140,706"
AR,2015,Individual Income Taxes,"2,664,153"
AR,2015,Corporations Net Income Taxes,"476,553"
AR,2015,Other Taxes,"166,429"
AR,2015,Death and Gift Taxes,3
AR,2015,Documentarty and Stock Transfer Taxes,"35,508"
AR,2015,Severance Taxes,"104,383"
AR,2015,"Taxes, NEC","26,535"
CA,2015,Total Taxes,"151,172,643"
CA,2015,Property Taxes,"2,315,507"
CA,2015,Sales and Gross Receipts Taxes,"52,347,262"
CA,2015,General Sales and Gross Receipts Taxes,"38,464,704"
CA,2015,Selective Sales and Gross Receipts Taxes,"13,882,558"
CA,2015,Alcoholic Beverages Sales Tax,"357,373"
CA,2015,Amusements Sales Tax,0
CA,2015,Insurance Premiums Sales Tax,"2,444,573"
CA,2015,Motor Fuels Sales Tax,"5,711,160"
CA,2015,Pari-mutuels Sales Tax,"14,009"
CA,2015,Public Utilities Sales Tax,"627,030"
CA,2015,Tobacco Products Sales Tax,"832,379"
CA,2015,Other Selective Sales and Gross Receipts Taxes,"3,896,034"
CA,2015,License Taxes,"9,421,978"
CA,2015,Alcoholic Beverages License,"56,512"
CA,2015,Amusements License,"19,466"
CA,2015,Corporations in General License,"66,966"
CA,2015,Hunting and Fishing License,"103,499"
CA,2015,Motor Vehicle License,"3,860,058"
CA,2015,Motor Vehicle Operators License,"308,834"
CA,2015,Public Utilities License,"474,429"
CA,2015,"Occupation and Business License, NEC","4,527,845"
CA,2015,Other License Taxes,"4,369"
CA,2015,Income Taxes,"86,936,733"
CA,2015,Individual Income Taxes,"77,929,551"
CA,2015,Corporations Net Income Taxes,"9,007,182"
CA,2015,Other Taxes,"151,163"
CA,2015,Death and Gift Taxes,0
CA,2015,Documentarty and Stock Transfer Taxes,0
CA,2015,Severance Taxes,"69,960"
CA,2015,"Taxes, NEC","81,203"
CO,2015,Total Taxes,"12,810,632"
CO,2015,Property Taxes,X
CO,2015,Sales and Gross Receipts Taxes,"4,788,704"
CO,2015,General Sales and Gross Receipts Taxes,"2,817,773"
CO,2015,Selective Sales and Gross Receipts Taxes,"1,970,931"
CO,2015,Alcoholic Beverages Sales Tax,"41,308"
CO,2015,Amusements Sales Tax,"110,105"
CO,2015,Insurance Premiums Sales Tax,"257,795"
CO,2015,Motor Fuels Sales Tax,"667,948"
CO,2015,Pari-mutuels Sales Tax,615
CO,2015,Public Utilities Sales Tax,"11,412"
CO,2015,Tobacco Products Sales Tax,"197,017"
CO,2015,Other Selective Sales and Gross Receipts Taxes,"684,731"
CO,2015,License Taxes,"680,767"
CO,2015,Alcoholic Beverages License,"6,903"
CO,2015,Amusements License,754
CO,2015,Corporations in General License,"17,400"
CO,2015,Hunting and Fishing License,"75,758"
CO,2015,Motor Vehicle License,"490,175"
CO,2015,Motor Vehicle Operators License,"33,055"
CO,2015,Public Utilities License,"13,529"
CO,2015,"Occupation and Business License, NEC","42,881"
CO,2015,Other License Taxes,312
CO,2015,Income Taxes,"7,048,478"
CO,2015,Individual Income Taxes,"6,375,248"
CO,2015,Corporations Net Income Taxes,"673,230"
CO,2015,Other Taxes,"292,683"
CO,2015,Death and Gift Taxes,0
CO,2015,Documentarty and Stock Transfer Taxes,0
CO,2015,Severance Taxes,"292,683"
CO,2015,"Taxes, NEC",0
CT,2015,Total Taxes,"16,231,958"
CT,2015,Property Taxes,X
CT,2015,Sales and Gross Receipts Taxes,"6,562,147"
CT,2015,General Sales and Gross Receipts Taxes,"4,082,787"
CT,2015,Selective Sales and Gross Receipts Taxes,"2,479,360"
CT,2015,Alcoholic Beverages Sales Tax,"61,612"
CT,2015,Amusements Sales Tax,"307,841"
CT,2015,Insurance Premiums Sales Tax,"189,362"
CT,2015,Motor Fuels Sales Tax,"481,825"
CT,2015,Pari-mutuels Sales Tax,"6,876"
CT,2015,Public Utilities Sales Tax,"290,336"
CT,2015,Tobacco Products Sales Tax,"357,944"
CT,2015,Other Selective Sales and Gross Receipts Taxes,"783,564"
CT,2015,License Taxes,"452,687"
CT,2015,Alcoholic Beverages License,"9,040"
CT,2015,Amusements License,232
CT,2015,Corporations in General License,"27,828"
CT,2015,Hunting and Fishing License,"5,116"
CT,2015,Motor Vehicle License,"219,903"
CT,2015,Motor Vehicle Operators License,"49,256"
CT,2015,Public Utilities License,676
CT,2015,"Occupation and Business License, NEC","135,825"
CT,2015,Other License Taxes,"4,811"
CT,2015,Income Taxes,"8,871,756"
CT,2015,Individual Income Taxes,"8,182,071"
CT,2015,Corporations Net Income Taxes,"689,685"
CT,2015,Other Taxes,"345,368"
CT,2015,Death and Gift Taxes,"160,712"
CT,2015,Documentarty and Stock Transfer Taxes,"184,030"
CT,2015,Severance Taxes,0
CT,2015,"Taxes, NEC",626
DE,2015,Total Taxes,"3,513,916"
DE,2015,Property Taxes,X
DE,2015,Sales and Gross Receipts Taxes,"498,557"
DE,2015,General Sales and Gross Receipts Taxes,X
DE,2015,Selective Sales and Gross Receipts Taxes,"498,557"
DE,2015,Alcoholic Beverages Sales Tax,"20,708"
DE,2015,Amusements Sales Tax,0
DE,2015,Insurance Premiums Sales Tax,"93,763"
DE,2015,Motor Fuels Sales Tax,"117,401"
DE,2015,Pari-mutuels Sales Tax,71
DE,2015,Public Utilities Sales Tax,"56,644"
DE,2015,Tobacco Products Sales Tax,"102,695"
DE,2015,Other Selective Sales and Gross Receipts Taxes,"107,275"
DE,2015,License Taxes,"1,389,894"
DE,2015,Alcoholic Beverages License,"1,910"
DE,2015,Amusements License,305
DE,2015,Corporations in General License,"1,206,182"
DE,2015,Hunting and Fishing License,"3,316"
DE,2015,Motor Vehicle License,"54,663"
DE,2015,Motor Vehicle Operators License,"5,681"
DE,2015,Public Utilities License,0
DE,2015,"Occupation and Business License, NEC","112,096"
DE,2015,Other License Taxes,"5,741"
DE,2015,Income Taxes,"1,540,994"
DE,2015,Individual Income Taxes,"1,140,248"
DE,2015,Corporations Net Income Taxes,"400,746"
DE,2015,Other Taxes,"84,471"
DE,2015,Death and Gift Taxes,"5,846"
DE,2015,Documentarty and Stock Transfer Taxes,"77,590"
DE,2015,Severance Taxes,0
DE,2015,"Taxes, NEC","1,035"
DC,2015,Total Taxes,"7,087,455"
DC,2015,Property Taxes,"2,251,724"
DC,2015,Sales and Gross Receipts Taxes,"1,747,326"
DC,2015,General Sales and Gross Receipts Taxes,"1,310,489"
DC,2015,Selective Sales and Gross Receipts Taxes,"436,837"
DC,2015,Alcoholic Beverages Sales Tax,"6,244"
DC,2015,Amusements Sales Tax,X
DC,2015,Insurance Premiums Sales Tax,"106,407"
DC,2015,Motor Fuels Sales Tax,"26,144"
DC,2015,Pari-mutuels Sales Tax,X
DC,2015,Public Utilities Sales Tax,"202,057"
DC,2015,Tobacco Products Sales Tax,"31,492"
DC,2015,Other Selective Sales and Gross Receipts Taxes,"64,493"
DC,2015,License Taxes,"162,700"
DC,2015,Alcoholic Beverages License,"4,929"
DC,2015,Amusements License,X
DC,2015,Corporations in General License,"34,942"
DC,2015,Hunting and Fishing License,94
DC,2015,Motor Vehicle License,"37,649"
DC,2015,Motor Vehicle Operators License,"4,363"
DC,2015,Public Utilities License,X
DC,2015,"Occupation and Business License, NEC","38,465"
DC,2015,Other License Taxes,"42,258"
DC,2015,Income Taxes,"2,316,727"
DC,2015,Individual Income Taxes,"1,868,468"
DC,2015,Corporations Net Income Taxes,"448,259"
DC,2015,Other Taxes,"608,978"
DC,2015,Death and Gift Taxes,"48,274"
DC,2015,Documentarty and Stock Transfer Taxes,"480,592"
DC,2015,Severance Taxes,X
DC,2015,"Taxes, NEC","80,112"
FL,2015,Total Taxes,"37,217,759"
FL,2015,Property Taxes,70
FL,2015,Sales and Gross Receipts Taxes,"30,336,315"
FL,2015,General Sales and Gross Receipts Taxes,"21,800,895"
FL,2015,Selective Sales and Gross Receipts Taxes,"8,535,420"
FL,2015,Alcoholic Beverages Sales Tax,"459,019"
FL,2015,Amusements Sales Tax,"198,094"
FL,2015,Insurance Premiums Sales Tax,"690,160"
FL,2015,Motor Fuels Sales Tax,"2,481,760"
FL,2015,Pari-mutuels Sales Tax,"7,401"
FL,2015,Public Utilities Sales Tax,"2,689,490"
FL,2015,Tobacco Products Sales Tax,"1,192,906"
FL,2015,Other Selective Sales and Gross Receipts Taxes,"816,590"
FL,2015,License Taxes,"2,138,834"
FL,2015,Alcoholic Beverages License,"8,515"
FL,2015,Amusements License,"14,000"
FL,2015,Corporations in General License,"309,821"
FL,2015,Hunting and Fishing License,"17,303"
FL,2015,Motor Vehicle License,"1,381,688"
FL,2015,Motor Vehicle Operators License,"155,703"
FL,2015,Public Utilities License,"25,316"
FL,2015,"Occupation and Business License, NEC","216,891"
FL,2015,Other License Taxes,"9,597"
FL,2015,Income Taxes,"2,237,500"
FL,2015,Individual Income Taxes,X
FL,2015,Corporations Net Income Taxes,"2,237,500"
FL,2015,Other Taxes,"2,505,040"
FL,2015,Death and Gift Taxes,410
FL,2015,Documentarty and Stock Transfer Taxes,"2,467,410"
FL,2015,Severance Taxes,"37,220"
FL,2015,"Taxes, NEC",0
GA,2015,Total Taxes,"19,723,730"
GA,2015,Property Taxes,"862,493"
GA,2015,Sales and Gross Receipts Taxes,"7,555,865"
GA,2015,General Sales and Gross Receipts Taxes,"5,256,592"
GA,2015,Selective Sales and Gross Receipts Taxes,"2,299,273"
GA,2015,Alcoholic Beverages Sales Tax,"184,374"
GA,2015,Amusements Sales Tax,X
GA,2015,Insurance Premiums Sales Tax,"419,653"
GA,2015,Motor Fuels Sales Tax,"1,025,819"
GA,2015,Pari-mutuels Sales Tax,0
GA,2015,Public Utilities Sales Tax,0
GA,2015,Tobacco Products Sales Tax,"215,055"
GA,2015,Other Selective Sales and Gross Receipts Taxes,"454,372"
GA,2015,License Taxes,"626,088"
GA,2015,Alcoholic Beverages License,"3,972"
GA,2015,Amusements License,X
GA,2015,Corporations in General License,"39,094"
GA,2015,Hunting and Fishing License,"23,867"
GA,2015,Motor Vehicle License,"351,212"
GA,2015,Motor Vehicle Operators License,"102,248"
GA,2015,Public Utilities License,X
GA,2015,"Occupation and Business License, NEC","82,893"
GA,2015,Other License Taxes,"22,802"
GA,2015,Income Taxes,"10,679,060"
GA,2015,Individual Income Taxes,"9,678,524"
GA,2015,Corporations Net Income Taxes,"1,000,536"
GA,2015,Other Taxes,224
GA,2015,Death and Gift Taxes,X
GA,2015,Documentarty and Stock Transfer Taxes,224
GA,2015,Severance Taxes,X
GA,2015,"Taxes, NEC",0
HI,2015,Total Taxes,"6,485,563"
HI,2015,Property Taxes,X
HI,2015,Sales and Gross Receipts Taxes,"4,082,196"
HI,2015,General Sales and Gross Receipts Taxes,"2,992,707"
HI,2015,Selective Sales and Gross Receipts Taxes,"1,089,489"
HI,2015,Alcoholic Beverages Sales Tax,"50,281"
HI,2015,Amusements Sales Tax,0
HI,2015,Insurance Premiums Sales Tax,"150,872"
HI,2015,Motor Fuels Sales Tax,"93,066"
HI,2015,Pari-mutuels Sales Tax,0
HI,2015,Public Utilities Sales Tax,"163,481"
HI,2015,Tobacco Products Sales Tax,"129,659"
HI,2015,Other Selective Sales and Gross Receipts Taxes,"502,130"
HI,2015,License Taxes,"252,431"
HI,2015,Alcoholic Beverages License,0
HI,2015,Amusements License,0
HI,2015,Corporations in General License,"1,647"
HI,2015,Hunting and Fishing License,514
HI,2015,Motor Vehicle License,"178,663"
HI,2015,Motor Vehicle Operators License,272
HI,2015,Public Utilities License,"20,755"
HI,2015,"Occupation and Business License, NEC","39,372"
HI,2015,Other License Taxes,"11,208"
HI,2015,Income Taxes,"2,060,164"
HI,2015,Individual Income Taxes,"1,987,915"
HI,2015,Corporations Net Income Taxes,"72,249"
HI,2015,Other Taxes,"90,772"
HI,2015,Death and Gift Taxes,"12,071"
HI,2015,Documentarty and Stock Transfer Taxes,"78,701"
HI,2015,Severance Taxes,0
HI,2015,"Taxes, NEC",0
ID,2015,Total Taxes,"3,975,445"
ID,2015,Property Taxes,X
ID,2015,Sales and Gross Receipts Taxes,"1,940,708"
ID,2015,General Sales and Gross Receipts Taxes,"1,463,802"
ID,2015,Selective Sales and Gross Receipts Taxes,"476,906"
ID,2015,Alcoholic Beverages Sales Tax,"8,937"
ID,2015,Amusements Sales Tax,0
ID,2015,Insurance Premiums Sales Tax,"84,498"
ID,2015,Motor Fuels Sales Tax,"258,993"
ID,2015,Pari-mutuels Sales Tax,"3,511"
ID,2015,Public Utilities Sales Tax,"1,918"
ID,2015,Tobacco Products Sales Tax,"48,408"
ID,2015,Other Selective Sales and Gross Receipts Taxes,"70,641"
ID,2015,License Taxes,"333,144"
ID,2015,Alcoholic Beverages License,"1,701"
ID,2015,Amusements License,267
ID,2015,Corporations in General License,"2,301"
ID,2015,Hunting and Fishing License,"37,603"
ID,2015,Motor Vehicle License,"142,970"
ID,2015,Motor Vehicle Operators License,"10,580"
ID,2015,Public Utilities License,"56,699"
ID,2015,"Occupation and Business License, NEC","77,194"
ID,2015,Other License Taxes,"3,829"
ID,2015,Income Taxes,"1,695,450"
ID,2015,Individual Income Taxes,"1,478,368"
ID,2015,Corporations Net Income Taxes,"217,082"
ID,2015,Other Taxes,"6,143"
ID,2015,Death and Gift Taxes,0
ID,2015,Documentarty and Stock Transfer Taxes,0
ID,2015,Severance Taxes,"6,143"
ID,2015,"Taxes, NEC",0
IL,2015,Total Taxes,"39,283,051"
IL,2015,Property Taxes,"60,959"
IL,2015,Sales and Gross Receipts Taxes,"16,102,948"
IL,2015,General Sales and Gross Receipts Taxes,"8,950,818"
IL,2015,Selective Sales and Gross Receipts Taxes,"7,152,130"
IL,2015,Alcoholic Beverages Sales Tax,"283,177"
IL,2015,Amusements Sales Tax,"746,846"
IL,2015,Insurance Premiums Sales Tax,"379,773"
IL,2015,Motor Fuels Sales Tax,"1,293,272"
IL,2015,Pari-mutuels Sales Tax,"6,360"
IL,2015,Public Utilities Sales Tax,"1,675,695"
IL,2015,Tobacco Products Sales Tax,"861,954"
IL,2015,Other Selective Sales and Gross Receipts Taxes,"1,905,053"
IL,2015,License Taxes,"2,730,407"
IL,2015,Alcoholic Beverages License,"13,156"
IL,2015,Amusements License,"14,861"
IL,2015,Corporations in General License,"358,214"
IL,2015,Hunting and Fishing License,"39,734"
IL,2015,Motor Vehicle License,"1,675,694"
IL,2015,Motor Vehicle Operators License,"118,374"
IL,2015,Public Utilities License,"18,196"
IL,2015,"Occupation and Business License, NEC","455,585"
IL,2015,Other License Taxes,"36,593"
IL,2015,Income Taxes,"19,968,083"
IL,2015,Individual Income Taxes,"15,913,816"
IL,2015,Corporations Net Income Taxes,"4,054,267"
IL,2015,Other Taxes,"420,654"
IL,2015,Death and Gift Taxes,"354,570"
IL,2015,Documentarty and Stock Transfer Taxes,"66,084"
IL,2015,Severance Taxes,X
IL,2015,"Taxes, NEC",0
IN,2015,Total Taxes,"17,399,650"
IN,2015,Property Taxes,"8,834"
IN,2015,Sales and Gross Receipts Taxes,"10,591,278"
IN,2015,General Sales and Gross Receipts Taxes,"7,279,604"
IN,2015,Selective Sales and Gross Receipts Taxes,"3,311,674"
IN,2015,Alcoholic Beverages Sales Tax,"46,064"
IN,2015,Amusements Sales Tax,"618,600"
IN,2015,Insurance Premiums Sales Tax,"221,100"
IN,2015,Motor Fuels Sales Tax,"832,006"
IN,2015,Pari-mutuels Sales Tax,"2,186"
IN,2015,Public Utilities Sales Tax,"238,775"
IN,2015,Tobacco Products Sales Tax,"439,264"
IN,2015,Other Selective Sales and Gross Receipts Taxes,"913,679"
IN,2015,License Taxes,"656,381"
IN,2015,Alcoholic Beverages License,"13,464"
IN,2015,Amusements License,"6,724"
IN,2015,Corporations in General License,"7,556"
IN,2015,Hunting and Fishing License,"19,508"
IN,2015,Motor Vehicle License,"255,110"
IN,2015,Motor Vehicle Operators License,"223,978"
IN,2015,Public Utilities License,0
IN,2015,"Occupation and Business License, NEC","39,773"
IN,2015,Other License Taxes,"90,268"
IN,2015,Income Taxes,"6,136,548"
IN,2015,Individual Income Taxes,"5,232,976"
IN,2015,Corporations Net Income Taxes,"903,572"
IN,2015,Other Taxes,"6,609"
IN,2015,Death and Gift Taxes,"4,594"
IN,2015,Documentarty and Stock Transfer Taxes,X
IN,2015,Severance Taxes,"2,015"
IN,2015,"Taxes, NEC",0
IA,2015,Total Taxes,"9,189,255"
IA,2015,Property Taxes,"1,772"
IA,2015,Sales and Gross Receipts Taxes,"4,268,628"
IA,2015,General Sales and Gross Receipts Taxes,"3,040,627"
IA,2015,Selective Sales and Gross Receipts Taxes,"1,228,001"
IA,2015,Alcoholic Beverages Sales Tax,"22,686"
IA,2015,Amusements Sales Tax,"288,085"
IA,2015,Insurance Premiums Sales Tax,"109,593"
IA,2015,Motor Fuels Sales Tax,"541,813"
IA,2015,Pari-mutuels Sales Tax,"3,865"
IA,2015,Public Utilities Sales Tax,"6,177"
IA,2015,Tobacco Products Sales Tax,"223,069"
IA,2015,Other Selective Sales and Gross Receipts Taxes,"32,713"
IA,2015,License Taxes,"874,778"
IA,2015,Alcoholic Beverages License,"15,315"
IA,2015,Amusements License,"23,268"
IA,2015,Corporations in General License,"42,286"
IA,2015,Hunting and Fishing License,"27,891"
IA,2015,Motor Vehicle License,"594,080"
IA,2015,Motor Vehicle Operators License,"20,871"
IA,2015,Public Utilities License,"9,793"
IA,2015,"Occupation and Business License, NEC","139,123"
IA,2015,Other License Taxes,"2,151"
IA,2015,Income Taxes,"3,934,855"
IA,2015,Individual Income Taxes,"3,471,617"
IA,2015,Corporations Net Income Taxes,"463,238"
IA,2015,Other Taxes,"109,222"
IA,2015,Death and Gift Taxes,"89,807"
IA,2015,Documentarty and Stock Transfer Taxes,"19,415"
IA,2015,Severance Taxes,X
IA,2015,"Taxes, NEC",0
KS,2015,Total Taxes,"7,883,960"
KS,2015,Property Taxes,"658,758"
KS,2015,Sales and Gross Receipts Taxes,"3,977,806"
KS,2015,General Sales and Gross Receipts Taxes,"3,052,986"
KS,2015,Selective Sales and Gross Receipts Taxes,"924,820"
KS,2015,Alcoholic Beverages Sales Tax,"132,589"
KS,2015,Amusements Sales Tax,319
KS,2015,Insurance Premiums Sales Tax,"211,766"
KS,2015,Motor Fuels Sales Tax,"439,045"
KS,2015,Pari-mutuels Sales Tax,0
KS,2015,Public Utilities Sales Tax,371
KS,2015,Tobacco Products Sales Tax,"96,303"
KS,2015,Other Selective Sales and Gross Receipts Taxes,"44,427"
KS,2015,License Taxes,"378,193"
KS,2015,Alcoholic Beverages License,"2,567"
KS,2015,Amusements License,"7,261"
KS,2015,Corporations in General License,"22,556"
KS,2015,Hunting and Fishing License,"25,092"
KS,2015,Motor Vehicle License,"226,837"
KS,2015,Motor Vehicle Operators License,"11,314"
KS,2015,Public Utilities License,"5,248"
KS,2015,"Occupation and Business License, NEC","74,704"
KS,2015,Other License Taxes,"2,614"
KS,2015,Income Taxes,"2,721,257"
KS,2015,Individual Income Taxes,"2,262,951"
KS,2015,Corporations Net Income Taxes,"458,306"
KS,2015,Other Taxes,"147,946"
KS,2015,Death and Gift Taxes,-131
KS,2015,Documentarty and Stock Transfer Taxes,0
KS,2015,Severance Taxes,"148,077"
KS,2015,"Taxes, NEC",0
KY,2015,Total Taxes,"11,597,983"
KY,2015,Property Taxes,"563,435"
KY,2015,Sales and Gross Receipts Taxes,"5,450,451"
KY,2015,General Sales and Gross Receipts Taxes,"3,267,331"
KY,2015,Selective Sales and Gross Receipts Taxes,"2,183,120"
KY,2015,Alcoholic Beverages Sales Tax,"131,951"
KY,2015,Amusements Sales Tax,155
KY,2015,Insurance Premiums Sales Tax,"146,481"
KY,2015,Motor Fuels Sales Tax,"850,276"
KY,2015,Pari-mutuels Sales Tax,"2,965"
KY,2015,Public Utilities Sales Tax,"63,575"
KY,2015,Tobacco Products Sales Tax,"242,232"
KY,2015,Other Selective Sales and Gross Receipts Taxes,"745,485"
KY,2015,License Taxes,"487,834"
KY,2015,Alcoholic Beverages License,"6,495"
KY,2015,Amusements License,248
KY,2015,Corporations in General License,"100,367"
KY,2015,Hunting and Fishing License,"27,925"
KY,2015,Motor Vehicle License,"202,663"
KY,2015,Motor Vehicle Operators License,"16,428"
KY,2015,Public Utilities License,0
KY,2015,"Occupation and Business License, NEC","128,470"
KY,2015,Other License Taxes,"5,238"
KY,2015,Income Taxes,"4,821,411"
KY,2015,Individual Income Taxes,"4,069,501"
KY,2015,Corporations Net Income Taxes,"751,910"
KY,2015,Other Taxes,"274,852"
KY,2015,Death and Gift Taxes,"50,976"
KY,2015,Documentarty and Stock Transfer Taxes,"3,263"
KY,2015,Severance Taxes,"220,613"
KY,2015,"Taxes, NEC",0
LA,2015,Total Taxes,"9,718,755"
LA,2015,Property Taxes,"56,658"
LA,2015,Sales and Gross Receipts Taxes,"5,307,657"
LA,2015,General Sales and Gross Receipts Taxes,"2,926,783"
LA,2015,Selective Sales and Gross Receipts Taxes,"2,380,874"
LA,2015,Alcoholic Beverages Sales Tax,"57,416"
LA,2015,Amusements Sales Tax,"713,800"
LA,2015,Insurance Premiums Sales Tax,"438,179"
LA,2015,Motor Fuels Sales Tax,"606,410"
LA,2015,Pari-mutuels Sales Tax,"4,356"
LA,2015,Public Utilities Sales Tax,"9,072"
LA,2015,Tobacco Products Sales Tax,"138,400"
LA,2015,Other Selective Sales and Gross Receipts Taxes,"413,241"
LA,2015,License Taxes,"386,352"
LA,2015,Alcoholic Beverages License,X
LA,2015,Amusements License,0
LA,2015,Corporations in General License,"146,329"
LA,2015,Hunting and Fishing License,"31,098"
LA,2015,Motor Vehicle License,"76,004"
LA,2015,Motor Vehicle Operators License,"11,082"
LA,2015,Public Utilities License,"6,989"
LA,2015,"Occupation and Business License, NEC","110,702"
LA,2015,Other License Taxes,"4,148"
LA,2015,Income Taxes,"3,236,754"
LA,2015,Individual Income Taxes,"2,983,104"
LA,2015,Corporations Net Income Taxes,"253,650"
LA,2015,Other Taxes,"731,334"
LA,2015,Death and Gift Taxes,4
LA,2015,Documentarty and Stock Transfer Taxes,0
LA,2015,Severance Taxes,"731,330"
LA,2015,"Taxes, NEC",0
ME,2015,Total Taxes,"4,064,075"
ME,2015,Property Taxes,"37,028"
ME,2015,Sales and Gross Receipts Taxes,"1,999,051"
ME,2015,General Sales and Gross Receipts Taxes,"1,280,298"
ME,2015,Selective Sales and Gross Receipts Taxes,"718,753"
ME,2015,Alcoholic Beverages Sales Tax,"18,312"
ME,2015,Amusements Sales Tax,"51,555"
ME,2015,Insurance Premiums Sales Tax,"98,353"
ME,2015,Motor Fuels Sales Tax,"243,891"
ME,2015,Pari-mutuels Sales Tax,"1,883"
ME,2015,Public Utilities Sales Tax,"33,484"
ME,2015,Tobacco Products Sales Tax,"136,913"
ME,2015,Other Selective Sales and Gross Receipts Taxes,"134,362"
ME,2015,License Taxes,"268,026"
ME,2015,Alcoholic Beverages License,"6,300"
ME,2015,Amusements License,643
ME,2015,Corporations in General License,"9,845"
ME,2015,Hunting and Fishing License,"16,802"
ME,2015,Motor Vehicle License,"106,876"
ME,2015,Motor Vehicle Operators License,"9,600"
ME,2015,Public Utilities License,0
ME,2015,"Occupation and Business License, NEC","108,891"
ME,2015,Other License Taxes,"9,069"
ME,2015,Income Taxes,"1,702,096"
ME,2015,Individual Income Taxes,"1,533,130"
ME,2015,Corporations Net Income Taxes,"168,966"
ME,2015,Other Taxes,"57,874"
ME,2015,Death and Gift Taxes,"31,196"
ME,2015,Documentarty and Stock Transfer Taxes,"26,678"
ME,2015,Severance Taxes,X
ME,2015,"Taxes, NEC",0
MD,2015,Total Taxes,"19,849,988"
MD,2015,Property Taxes,"738,170"
MD,2015,Sales and Gross Receipts Taxes,"8,299,002"
MD,2015,General Sales and Gross Receipts Taxes,"4,409,919"
MD,2015,Selective Sales and Gross Receipts Taxes,"3,889,083"
MD,2015,Alcoholic Beverages Sales Tax,"30,956"
MD,2015,Amusements Sales Tax,"416,479"
MD,2015,Insurance Premiums Sales Tax,"444,691"
MD,2015,Motor Fuels Sales Tax,"923,483"
MD,2015,Pari-mutuels Sales Tax,"1,138"
MD,2015,Public Utilities Sales Tax,"136,006"
MD,2015,Tobacco Products Sales Tax,"391,451"
MD,2015,Other Selective Sales and Gross Receipts Taxes,"1,544,879"
MD,2015,License Taxes,"851,466"
MD,2015,Alcoholic Beverages License,"1,385"
MD,2015,Amusements License,"2,776"
MD,2015,Corporations in General License,"108,642"
MD,2015,Hunting and Fishing License,"18,360"
MD,2015,Motor Vehicle License,"485,119"
MD,2015,Motor Vehicle Operators License,"35,987"
MD,2015,Public Utilities License,X
MD,2015,"Occupation and Business License, NEC","197,289"
MD,2015,Other License Taxes,"1,908"
MD,2015,Income Taxes,"9,349,733"
MD,2015,Individual Income Taxes,"8,346,145"
MD,2015,Corporations Net Income Taxes,"1,003,588"
MD,2015,Other Taxes,"611,617"
MD,2015,Death and Gift Taxes,"243,412"
MD,2015,Documentarty and Stock Transfer Taxes,"170,410"
MD,2015,Severance Taxes,X
MD,2015,"Taxes, NEC","197,795"
MA,2015,Total Taxes,"27,012,206"
MA,2015,Property Taxes,"5,311"
MA,2015,Sales and Gross Receipts Taxes,"8,274,172"
MA,2015,General Sales and Gross Receipts Taxes,"5,803,934"
MA,2015,Selective Sales and Gross Receipts Taxes,"2,470,238"
MA,2015,Alcoholic Beverages Sales Tax,"80,815"
MA,2015,Amusements Sales Tax,"4,470"
MA,2015,Insurance Premiums Sales Tax,"367,832"
MA,2015,Motor Fuels Sales Tax,"756,121"
MA,2015,Pari-mutuels Sales Tax,"1,203"
MA,2015,Public Utilities Sales Tax,"23,736"
MA,2015,Tobacco Products Sales Tax,"647,101"
MA,2015,Other Selective Sales and Gross Receipts Taxes,"588,960"
MA,2015,License Taxes,"1,213,135"
MA,2015,Alcoholic Beverages License,"3,345"
MA,2015,Amusements License,"170,841"
MA,2015,Corporations in General License,"25,653"
MA,2015,Hunting and Fishing License,"5,489"
MA,2015,Motor Vehicle License,"441,078"
MA,2015,Motor Vehicle Operators License,"109,266"
MA,2015,Public Utilities License,0
MA,2015,"Occupation and Business License, NEC","295,550"
MA,2015,Other License Taxes,"161,913"
MA,2015,Income Taxes,"16,719,284"
MA,2015,Individual Income Taxes,"14,491,903"
MA,2015,Corporations Net Income Taxes,"2,227,381"
MA,2015,Other Taxes,"800,304"
MA,2015,Death and Gift Taxes,"340,903"
MA,2015,Documentarty and Stock Transfer Taxes,"261,898"
MA,2015,Severance Taxes,X
MA,2015,"Taxes, NEC","197,503"
MI,2015,Total Taxes,"26,957,337"
MI,2015,Property Taxes,"1,963,036"
MI,2015,Sales and Gross Receipts Taxes,"13,124,461"
MI,2015,General Sales and Gross Receipts Taxes,"9,211,783"
MI,2015,Selective Sales and Gross Receipts Taxes,"3,912,678"
MI,2015,Alcoholic Beverages Sales Tax,"145,399"
MI,2015,Amusements Sales Tax,"110,785"
MI,2015,Insurance Premiums Sales Tax,"322,999"
MI,2015,Motor Fuels Sales Tax,"1,010,395"
MI,2015,Pari-mutuels Sales Tax,"3,904"
MI,2015,Public Utilities Sales Tax,"28,084"
MI,2015,Tobacco Products Sales Tax,"959,852"
MI,2015,Other Selective Sales and Gross Receipts Taxes,"1,331,260"
MI,2015,License Taxes,"1,563,500"
MI,2015,Alcoholic Beverages License,"17,201"
MI,2015,Amusements License,0
MI,2015,Corporations in General License,"22,820"
MI,2015,Hunting and Fishing License,"62,501"
MI,2015,Motor Vehicle License,"1,018,071"
MI,2015,Motor Vehicle Operators License,"56,917"
MI,2015,Public Utilities License,"29,803"
MI,2015,"Occupation and Business License, NEC","159,782"
MI,2015,Other License Taxes,"196,405"
MI,2015,Income Taxes,"10,010,943"
MI,2015,Individual Income Taxes,"8,825,375"
MI,2015,Corporations Net Income Taxes,"1,185,568"
MI,2015,Other Taxes,"295,397"
MI,2015,Death and Gift Taxes,110
MI,2015,Documentarty and Stock Transfer Taxes,"258,399"
MI,2015,Severance Taxes,"36,883"
MI,2015,"Taxes, NEC",5
MN,2015,Total Taxes,"24,439,253"
MN,2015,Property Taxes,"839,487"
MN,2015,Sales and Gross Receipts Taxes,"9,953,411"
MN,2015,General Sales and Gross Receipts Taxes,"5,483,791"
MN,2015,Selective Sales and Gross Receipts Taxes,"4,469,620"
MN,2015,Alcoholic Beverages Sales Tax,"85,142"
MN,2015,Amusements Sales Tax,"49,063"
MN,2015,Insurance Premiums Sales Tax,"437,806"
MN,2015,Motor Fuels Sales Tax,"884,596"
MN,2015,Pari-mutuels Sales Tax,514
MN,2015,Public Utilities Sales Tax,12
MN,2015,Tobacco Products Sales Tax,"652,046"
MN,2015,Other Selective Sales and Gross Receipts Taxes,"2,360,441"
MN,2015,License Taxes,"1,392,055"
MN,2015,Alcoholic Beverages License,"2,307"
MN,2015,Amusements License,"1,181"
MN,2015,Corporations in General License,"7,824"
MN,2015,Hunting and Fishing License,"63,283"
MN,2015,Motor Vehicle License,"727,385"
MN,2015,Motor Vehicle Operators License,"45,713"
MN,2015,Public Utilities License,734
MN,2015,"Occupation and Business License, NEC","484,485"
MN,2015,Other License Taxes,"59,143"
MN,2015,Income Taxes,"11,846,676"
MN,2015,Individual Income Taxes,"10,370,047"
MN,2015,Corporations Net Income Taxes,"1,476,629"
MN,2015,Other Taxes,"407,624"
MN,2015,Death and Gift Taxes,"141,262"
MN,2015,Documentarty and Stock Transfer Taxes,"207,431"
MN,2015,Severance Taxes,"58,931"
MN,2015,"Taxes, NEC",0
MS,2015,Total Taxes,"7,906,514"
MS,2015,Property Taxes,"25,961"
MS,2015,Sales and Gross Receipts Taxes,"4,873,512"
MS,2015,General Sales and Gross Receipts Taxes,"3,422,774"
MS,2015,Selective Sales and Gross Receipts Taxes,"1,450,738"
MS,2015,Alcoholic Beverages Sales Tax,"42,094"
MS,2015,Amusements Sales Tax,"131,270"
MS,2015,Insurance Premiums Sales Tax,"299,127"
MS,2015,Motor Fuels Sales Tax,"428,013"
MS,2015,Pari-mutuels Sales Tax,0
MS,2015,Public Utilities Sales Tax,"1,655"
MS,2015,Tobacco Products Sales Tax,"148,302"
MS,2015,Other Selective Sales and Gross Receipts Taxes,"400,277"
MS,2015,License Taxes,"606,432"
MS,2015,Alcoholic Beverages License,"3,282"
MS,2015,Amusements License,"33,981"
MS,2015,Corporations in General License,"170,546"
MS,2015,Hunting and Fishing License,"2,372"
MS,2015,Motor Vehicle License,"162,773"
MS,2015,Motor Vehicle Operators License,"45,902"
MS,2015,Public Utilities License,"9,054"
MS,2015,"Occupation and Business License, NEC","122,097"
MS,2015,Other License Taxes,"56,425"
MS,2015,Income Taxes,"2,317,985"
MS,2015,Individual Income Taxes,"1,783,438"
MS,2015,Corporations Net Income Taxes,"534,547"
MS,2015,Other Taxes,"82,624"
MS,2015,Death and Gift Taxes,"3,898"
MS,2015,Documentarty and Stock Transfer Taxes,0
MS,2015,Severance Taxes,"78,726"
MS,2015,"Taxes, NEC",0
MO,2015,Total Taxes,"11,956,143"
MO,2015,Property Taxes,"30,265"
MO,2015,Sales and Gross Receipts Taxes,"5,084,211"
MO,2015,General Sales and Gross Receipts Taxes,"3,380,034"
MO,2015,Selective Sales and Gross Receipts Taxes,"1,704,177"
MO,2015,Alcoholic Beverages Sales Tax,"36,208"
MO,2015,Amusements Sales Tax,"366,381"
MO,2015,Insurance Premiums Sales Tax,"376,811"
MO,2015,Motor Fuels Sales Tax,"695,145"
MO,2015,Pari-mutuels Sales Tax,0
MO,2015,Public Utilities Sales Tax,0
MO,2015,Tobacco Products Sales Tax,"99,436"
MO,2015,Other Selective Sales and Gross Receipts Taxes,"130,196"
MO,2015,License Taxes,"547,993"
MO,2015,Alcoholic Beverages License,"5,122"
MO,2015,Amusements License,"1,799"
MO,2015,Corporations in General License,"29,978"
MO,2015,Hunting and Fishing License,"32,827"
MO,2015,Motor Vehicle License,"278,327"
MO,2015,Motor Vehicle Operators License,"18,016"
MO,2015,Public Utilities License,"19,696"
MO,2015,"Occupation and Business License, NEC","139,677"
MO,2015,Other License Taxes,"22,551"
MO,2015,Income Taxes,"6,281,907"
MO,2015,Individual Income Taxes,"5,856,131"
MO,2015,Corporations Net Income Taxes,"425,776"
MO,2015,Other Taxes,"11,767"
MO,2015,Death and Gift Taxes,92
MO,2015,Documentarty and Stock Transfer Taxes,"11,630"
MO,2015,Severance Taxes,1
MO,2015,"Taxes, NEC",44
MT,2015,Total Taxes,"2,843,465"
MT,2015,Property Taxes,"268,057"
MT,2015,Sales and Gross Receipts Taxes,"603,200"
MT,2015,General Sales and Gross Receipts Taxes,X
MT,2015,Selective Sales and Gross Receipts Taxes,"603,200"
MT,2015,Alcoholic Beverages Sales Tax,"33,860"
MT,2015,Amusements Sales Tax,"59,808"
MT,2015,Insurance Premiums Sales Tax,"97,404"
MT,2015,Motor Fuels Sales Tax,"226,806"
MT,2015,Pari-mutuels Sales Tax,39
MT,2015,Public Utilities Sales Tax,"47,026"
MT,2015,Tobacco Products Sales Tax,"85,042"
MT,2015,Other Selective Sales and Gross Receipts Taxes,"53,215"
MT,2015,License Taxes,"350,769"
MT,2015,Alcoholic Beverages License,"2,222"
MT,2015,Amusements License,"4,587"
MT,2015,Corporations in General License,"3,594"
MT,2015,Hunting and Fishing License,"53,632"
MT,2015,Motor Vehicle License,"157,999"
MT,2015,Motor Vehicle Operators License,"9,560"
MT,2015,Public Utilities License,7
MT,2015,"Occupation and Business License, NEC","108,470"
MT,2015,Other License Taxes,"10,698"
MT,2015,Income Taxes,"1,348,517"
MT,2015,Individual Income Taxes,"1,180,478"
MT,2015,Corporations Net Income Taxes,"168,039"
MT,2015,Other Taxes,"272,922"
MT,2015,Death and Gift Taxes,0
MT,2015,Documentarty and Stock Transfer Taxes,0
MT,2015,Severance Taxes,"269,287"
MT,2015,"Taxes, NEC","3,635"
NE,2015,Total Taxes,"5,086,759"
NE,2015,Property Taxes,119
NE,2015,Sales and Gross Receipts Taxes,"2,315,830"
NE,2015,General Sales and Gross Receipts Taxes,"1,787,880"
NE,2015,Selective Sales and Gross Receipts Taxes,"527,950"
NE,2015,Alcoholic Beverages Sales Tax,"29,873"
NE,2015,Amusements Sales Tax,"6,309"
NE,2015,Insurance Premiums Sales Tax,"31,036"
NE,2015,Motor Fuels Sales Tax,"327,665"
NE,2015,Pari-mutuels Sales Tax,150
NE,2015,Public Utilities Sales Tax,"57,349"
NE,2015,Tobacco Products Sales Tax,"63,585"
NE,2015,Other Selective Sales and Gross Receipts Taxes,"11,983"
NE,2015,License Taxes,"172,391"
NE,2015,Alcoholic Beverages License,"1,817"
NE,2015,Amusements License,864
NE,2015,Corporations in General License,"5,849"
NE,2015,Hunting and Fishing License,"13,786"
NE,2015,Motor Vehicle License,"101,808"
NE,2015,Motor Vehicle Operators License,"10,395"
NE,2015,Public Utilities License,0
NE,2015,"Occupation and Business License, NEC","36,832"
NE,2015,Other License Taxes,"1,040"
NE,2015,Income Taxes,"2,584,059"
NE,2015,Individual Income Taxes,"2,239,582"
NE,2015,Corporations Net Income Taxes,"344,477"
NE,2015,Other Taxes,"14,360"
NE,2015,Death and Gift Taxes,0
NE,2015,Documentarty and Stock Transfer Taxes,"9,078"
NE,2015,Severance Taxes,"5,282"
NE,2015,"Taxes, NEC",X
NV,2015,Total Taxes,"7,532,989"
NV,2015,Property Taxes,"242,168"
NV,2015,Sales and Gross Receipts Taxes,"6,038,768"
NV,2015,General Sales and Gross Receipts Taxes,"4,080,507"
NV,2015,Selective Sales and Gross Receipts Taxes,"1,958,261"
NV,2015,Alcoholic Beverages Sales Tax,"43,799"
NV,2015,Amusements Sales Tax,"952,593"
NV,2015,Insurance Premiums Sales Tax,"293,922"
NV,2015,Motor Fuels Sales Tax,"304,364"
NV,2015,Pari-mutuels Sales Tax,0
NV,2015,Public Utilities Sales Tax,"24,106"
NV,2015,Tobacco Products Sales Tax,"116,840"
NV,2015,Other Selective Sales and Gross Receipts Taxes,"222,637"
NV,2015,License Taxes,"649,333"
NV,2015,Alcoholic Beverages License,0
NV,2015,Amusements License,"86,564"
NV,2015,Corporations in General License,"97,596"
NV,2015,Hunting and Fishing License,"10,513"
NV,2015,Motor Vehicle License,"173,550"
NV,2015,Motor Vehicle Operators License,"29,919"
NV,2015,Public Utilities License,0
NV,2015,"Occupation and Business License, NEC","247,871"
NV,2015,Other License Taxes,"3,320"
NV,2015,Income Taxes,0
NV,2015,Individual Income Taxes,X
NV,2015,Corporations Net Income Taxes,X
NV,2015,Other Taxes,"602,720"
NV,2015,Death and Gift Taxes,0
NV,2015,Documentarty and Stock Transfer Taxes,"69,202"
NV,2015,Severance Taxes,"121,604"
NV,2015,"Taxes, NEC","411,914"
NH,2015,Total Taxes,"2,487,737"
NH,2015,Property Taxes,"404,579"
NH,2015,Sales and Gross Receipts Taxes,"970,102"
NH,2015,General Sales and Gross Receipts Taxes,X
NH,2015,Selective Sales and Gross Receipts Taxes,"970,102"
NH,2015,Alcoholic Beverages Sales Tax,"12,328"
NH,2015,Amusements Sales Tax,436
NH,2015,Insurance Premiums Sales Tax,"107,740"
NH,2015,Motor Fuels Sales Tax,"146,796"
NH,2015,Pari-mutuels Sales Tax,914
NH,2015,Public Utilities Sales Tax,"63,528"
NH,2015,Tobacco Products Sales Tax,"236,380"
NH,2015,Other Selective Sales and Gross Receipts Taxes,"401,980"
NH,2015,License Taxes,"322,667"
NH,2015,Alcoholic Beverages License,"4,583"
NH,2015,Amusements License,164
NH,2015,Corporations in General License,"54,896"
NH,2015,Hunting and Fishing License,"10,093"
NH,2015,Motor Vehicle License,"122,490"
NH,2015,Motor Vehicle Operators License,"12,369"
NH,2015,Public Utilities License,"21,456"
NH,2015,"Occupation and Business License, NEC","95,760"
NH,2015,Other License Taxes,856
NH,2015,Income Taxes,"672,717"
NH,2015,Individual Income Taxes,"96,038"
NH,2015,Corporations Net Income Taxes,"576,679"
NH,2015,Other Taxes,"117,672"
NH,2015,Death and Gift Taxes,0
NH,2015,Documentarty and Stock Transfer Taxes,"117,672"
NH,2015,Severance Taxes,X
NH,2015,"Taxes, NEC",0
NJ,2015,Total Taxes,"31,567,654"
NJ,2015,Property Taxes,"4,547"
NJ,2015,Sales and Gross Receipts Taxes,"12,951,867"
NJ,2015,General Sales and Gross Receipts Taxes,"9,146,025"
NJ,2015,Selective Sales and Gross Receipts Taxes,"3,805,842"
NJ,2015,Alcoholic Beverages Sales Tax,"138,548"
NJ,2015,Amusements Sales Tax,"206,143"
NJ,2015,Insurance Premiums Sales Tax,"648,090"
NJ,2015,Motor Fuels Sales Tax,"535,550"
NJ,2015,Pari-mutuels Sales Tax,0
NJ,2015,Public Utilities Sales Tax,"964,052"
NJ,2015,Tobacco Products Sales Tax,"715,556"
NJ,2015,Other Selective Sales and Gross Receipts Taxes,"597,903"
NJ,2015,License Taxes,"1,553,255"
NJ,2015,Alcoholic Beverages License,"4,199"
NJ,2015,Amusements License,"53,812"
NJ,2015,Corporations in General License,"286,599"
NJ,2015,Hunting and Fishing License,"13,566"
NJ,2015,Motor Vehicle License,"637,074"
NJ,2015,Motor Vehicle Operators License,"55,398"
NJ,2015,Public Utilities License,"7,762"
NJ,2015,"Occupation and Business License, NEC","492,866"
NJ,2015,Other License Taxes,"1,979"
NJ,2015,Income Taxes,"15,829,393"
NJ,2015,Individual Income Taxes,"13,250,002"
NJ,2015,Corporations Net Income Taxes,"2,579,391"
NJ,2015,Other Taxes,"1,228,592"
NJ,2015,Death and Gift Taxes,"793,508"
NJ,2015,Documentarty and Stock Transfer Taxes,"435,084"
NJ,2015,Severance Taxes,X
NJ,2015,"Taxes, NEC",0
NM,2015,Total Taxes,"6,009,443"
NM,2015,Property Taxes,"108,803"
NM,2015,Sales and Gross Receipts Taxes,"2,995,689"
NM,2015,General Sales and Gross Receipts Taxes,"2,256,088"
NM,2015,Selective Sales and Gross Receipts Taxes,"739,601"
NM,2015,Alcoholic Beverages Sales Tax,"45,735"
NM,2015,Amusements Sales Tax,"72,059"
NM,2015,Insurance Premiums Sales Tax,"122,280"
NM,2015,Motor Fuels Sales Tax,"240,177"
NM,2015,Pari-mutuels Sales Tax,875
NM,2015,Public Utilities Sales Tax,"28,470"
NM,2015,Tobacco Products Sales Tax,"79,956"
NM,2015,Other Selective Sales and Gross Receipts Taxes,"150,049"
NM,2015,License Taxes,"272,008"
NM,2015,Alcoholic Beverages License,0
NM,2015,Amusements License,633
NM,2015,Corporations in General License,"25,199"
NM,2015,Hunting and Fishing License,"19,163"
NM,2015,Motor Vehicle License,"181,434"
NM,2015,Motor Vehicle Operators License,"3,684"
NM,2015,Public Utilities License,"1,503"
NM,2015,"Occupation and Business License, NEC","40,392"
NM,2015,Other License Taxes,0
NM,2015,Income Taxes,"1,631,201"
NM,2015,Individual Income Taxes,"1,381,254"
NM,2015,Corporations Net Income Taxes,"249,947"
NM,2015,Other Taxes,"1,001,742"
NM,2015,Death and Gift Taxes,1
NM,2015,Documentarty and Stock Transfer Taxes,0
NM,2015,Severance Taxes,"1,001,741"
NM,2015,"Taxes, NEC",0
NY,2015,Total Taxes,"78,242,729"
NY,2015,Property Taxes,X
NY,2015,Sales and Gross Receipts Taxes,"23,969,841"
NY,2015,General Sales and Gross Receipts Taxes,"13,104,421"
NY,2015,Selective Sales and Gross Receipts Taxes,"10,865,420"
NY,2015,Alcoholic Beverages Sales Tax,"250,899"
NY,2015,Amusements Sales Tax,"1,129"
NY,2015,Insurance Premiums Sales Tax,"1,431,361"
NY,2015,Motor Fuels Sales Tax,"1,648,106"
NY,2015,Pari-mutuels Sales Tax,"18,969"
NY,2015,Public Utilities Sales Tax,"873,449"
NY,2015,Tobacco Products Sales Tax,"1,306,696"
NY,2015,Other Selective Sales and Gross Receipts Taxes,"5,334,811"
NY,2015,License Taxes,"1,764,149"
NY,2015,Alcoholic Beverages License,"61,173"
NY,2015,Amusements License,0
NY,2015,Corporations in General License,"26,511"
NY,2015,Hunting and Fishing License,"49,489"
NY,2015,Motor Vehicle License,"1,357,402"
NY,2015,Motor Vehicle Operators License,"140,400"
NY,2015,Public Utilities License,"12,601"
NY,2015,"Occupation and Business License, NEC","115,113"
NY,2015,Other License Taxes,"1,460"
NY,2015,Income Taxes,"48,797,671"
NY,2015,Individual Income Taxes,"43,713,484"
NY,2015,Corporations Net Income Taxes,"5,084,187"
NY,2015,Other Taxes,"3,711,068"
NY,2015,Death and Gift Taxes,"1,108,529"
NY,2015,Documentarty and Stock Transfer Taxes,"1,155,309"
NY,2015,Severance Taxes,X
NY,2015,"Taxes, NEC","1,447,230"
NC,2015,Total Taxes,"25,061,592"
NC,2015,Property Taxes,X
NC,2015,Sales and Gross Receipts Taxes,"10,712,738"
NC,2015,General Sales and Gross Receipts Taxes,"6,862,578"
NC,2015,Selective Sales and Gross Receipts Taxes,"3,850,160"
NC,2015,Alcoholic Beverages Sales Tax,"359,880"
NC,2015,Amusements Sales Tax,"1,824"
NC,2015,Insurance Premiums Sales Tax,"529,936"
NC,2015,Motor Fuels Sales Tax,"1,924,089"
NC,2015,Pari-mutuels Sales Tax,X
NC,2015,Public Utilities Sales Tax,"-21,681"
NC,2015,Tobacco Products Sales Tax,"276,458"
NC,2015,Other Selective Sales and Gross Receipts Taxes,"779,654"
NC,2015,License Taxes,"1,753,433"
NC,2015,Alcoholic Beverages License,"24,877"
NC,2015,Amusements License,176
NC,2015,Corporations in General License,"630,888"
NC,2015,Hunting and Fishing License,"32,130"
NC,2015,Motor Vehicle License,"607,531"
NC,2015,Motor Vehicle Operators License,"116,386"
NC,2015,Public Utilities License,"19,194"
NC,2015,"Occupation and Business License, NEC","297,086"
NC,2015,Other License Taxes,"25,165"
NC,2015,Income Taxes,"12,527,873"
NC,2015,Individual Income Taxes,"11,197,650"
NC,2015,Corporations Net Income Taxes,"1,330,223"
NC,2015,Other Taxes,"67,548"
NC,2015,Death and Gift Taxes,"3,225"
NC,2015,Documentarty and Stock Transfer Taxes,"62,453"
NC,2015,Severance Taxes,"1,870"
NC,2015,"Taxes, NEC",0
ND,2015,Total Taxes,"5,739,843"
ND,2015,Property Taxes,"3,505"
ND,2015,Sales and Gross Receipts Taxes,"1,938,816"
ND,2015,General Sales and Gross Receipts Taxes,"1,389,083"
ND,2015,Selective Sales and Gross Receipts Taxes,"549,733"
ND,2015,Alcoholic Beverages Sales Tax,"9,485"
ND,2015,Amusements Sales Tax,"3,626"
ND,2015,Insurance Premiums Sales Tax,"58,008"
ND,2015,Motor Fuels Sales Tax,"232,296"
ND,2015,Pari-mutuels Sales Tax,"1,364"
ND,2015,Public Utilities Sales Tax,"45,272"
ND,2015,Tobacco Products Sales Tax,"35,518"
ND,2015,Other Selective Sales and Gross Receipts Taxes,"164,164"
ND,2015,License Taxes,"225,540"
ND,2015,Alcoholic Beverages License,377
ND,2015,Amusements License,549
ND,2015,Corporations in General License,0
ND,2015,Hunting and Fishing License,"17,809"
ND,2015,Motor Vehicle License,"122,799"
ND,2015,Motor Vehicle Operators License,"5,329"
ND,2015,Public Utilities License,6
ND,2015,"Occupation and Business License, NEC","78,671"
ND,2015,Other License Taxes,0
ND,2015,Income Taxes,"722,658"
ND,2015,Individual Income Taxes,"536,619"
ND,2015,Corporations Net Income Taxes,"186,039"
ND,2015,Other Taxes,"2,849,324"
ND,2015,Death and Gift Taxes,0
ND,2015,Documentarty and Stock Transfer Taxes,0
ND,2015,Severance Taxes,"2,849,324"
ND,2015,"Taxes, NEC",0
OH,2015,Total Taxes,"28,297,156"
OH,2015,Property Taxes,X
OH,2015,Sales and Gross Receipts Taxes,"17,214,405"
OH,2015,General Sales and Gross Receipts Taxes,"11,900,176"
OH,2015,Selective Sales and Gross Receipts Taxes,"5,314,229"
OH,2015,Alcoholic Beverages Sales Tax,"101,090"
OH,2015,Amusements Sales Tax,"269,998"
OH,2015,Insurance Premiums Sales Tax,"544,523"
OH,2015,Motor Fuels Sales Tax,"1,907,996"
OH,2015,Pari-mutuels Sales Tax,"5,758"
OH,2015,Public Utilities Sales Tax,"1,114,159"
OH,2015,Tobacco Products Sales Tax,"809,640"
OH,2015,Other Selective Sales and Gross Receipts Taxes,"561,065"
OH,2015,License Taxes,"2,171,231"
OH,2015,Alcoholic Beverages License,"41,959"
OH,2015,Amusements License,"15,970"
OH,2015,Corporations in General License,"236,774"
OH,2015,Hunting and Fishing License,"37,698"
OH,2015,Motor Vehicle License,"745,550"
OH,2015,Motor Vehicle Operators License,"80,658"
OH,2015,Public Utilities License,"31,172"
OH,2015,"Occupation and Business License, NEC","933,678"
OH,2015,Other License Taxes,"47,772"
OH,2015,Income Taxes,"8,885,559"
OH,2015,Individual Income Taxes,"8,882,973"
OH,2015,Corporations Net Income Taxes,"2,586"
OH,2015,Other Taxes,"25,961"
OH,2015,Death and Gift Taxes,"3,070"
OH,2015,Documentarty and Stock Transfer Taxes,X
OH,2015,Severance Taxes,"22,891"
OH,2015,"Taxes, NEC",0
OK,2015,Total Taxes,"9,407,393"
OK,2015,Property Taxes,X
OK,2015,Sales and Gross Receipts Taxes,"4,136,027"
OK,2015,General Sales and Gross Receipts Taxes,"2,682,008"
OK,2015,Selective Sales and Gross Receipts Taxes,"1,454,019"
OK,2015,Alcoholic Beverages Sales Tax,"116,772"
OK,2015,Amusements Sales Tax,"20,767"
OK,2015,Insurance Premiums Sales Tax,"325,954"
OK,2015,Motor Fuels Sales Tax,"455,288"
OK,2015,Pari-mutuels Sales Tax,"1,155"
OK,2015,Public Utilities Sales Tax,"49,491"
OK,2015,Tobacco Products Sales Tax,"313,852"
OK,2015,Other Selective Sales and Gross Receipts Taxes,"170,740"
OK,2015,License Taxes,"1,055,808"
OK,2015,Alcoholic Beverages License,959
OK,2015,Amusements License,"152,751"
OK,2015,Corporations in General License,"58,478"
OK,2015,Hunting and Fishing License,"20,777"
OK,2015,Motor Vehicle License,"724,318"
OK,2015,Motor Vehicle Operators License,"29,862"
OK,2015,Public Utilities License,4
OK,2015,"Occupation and Business License, NEC","68,132"
OK,2015,Other License Taxes,527
OK,2015,Income Taxes,"3,640,820"
OK,2015,Individual Income Taxes,"3,252,290"
OK,2015,Corporations Net Income Taxes,"388,530"
OK,2015,Other Taxes,"574,738"
OK,2015,Death and Gift Taxes,127
OK,2015,Documentarty and Stock Transfer Taxes,"18,065"
OK,2015,Severance Taxes,"556,546"
OK,2015,"Taxes, NEC",0
OR,2015,Total Taxes,"10,575,165"
OR,2015,Property Taxes,"20,336"
OR,2015,Sales and Gross Receipts Taxes,"1,498,647"
OR,2015,General Sales and Gross Receipts Taxes,X
OR,2015,Selective Sales and Gross Receipts Taxes,"1,498,647"
OR,2015,Alcoholic Beverages Sales Tax,"17,811"
OR,2015,Amusements Sales Tax,0
OR,2015,Insurance Premiums Sales Tax,"62,340"
OR,2015,Motor Fuels Sales Tax,"524,665"
OR,2015,Pari-mutuels Sales Tax,"2,268"
OR,2015,Public Utilities Sales Tax,"83,299"
OR,2015,Tobacco Products Sales Tax,"266,247"
OR,2015,Other Selective Sales and Gross Receipts Taxes,"542,017"
OR,2015,License Taxes,"987,018"
OR,2015,Alcoholic Beverages License,"4,627"
OR,2015,Amusements License,841
OR,2015,Corporations in General License,"36,048"
OR,2015,Hunting and Fishing License,"53,396"
OR,2015,Motor Vehicle License,"540,392"
OR,2015,Motor Vehicle Operators License,"42,035"
OR,2015,Public Utilities License,"15,945"
OR,2015,"Occupation and Business License, NEC","287,006"
OR,2015,Other License Taxes,"6,728"
OR,2015,Income Taxes,"7,930,842"
OR,2015,Individual Income Taxes,"7,309,115"
OR,2015,Corporations Net Income Taxes,"621,727"
OR,2015,Other Taxes,"138,322"
OR,2015,Death and Gift Taxes,"110,994"
OR,2015,Documentarty and Stock Transfer Taxes,"3,179"
OR,2015,Severance Taxes,"24,149"
OR,2015,"Taxes, NEC",0
PA,2015,Total Taxes,"36,110,295"
PA,2015,Property Taxes,"41,859"
PA,2015,Sales and Gross Receipts Taxes,"18,369,805"
PA,2015,General Sales and Gross Receipts Taxes,"9,865,270"
PA,2015,Selective Sales and Gross Receipts Taxes,"8,504,535"
PA,2015,Alcoholic Beverages Sales Tax,"358,886"
PA,2015,Amusements Sales Tax,"1,408,047"
PA,2015,Insurance Premiums Sales Tax,"792,921"
PA,2015,Motor Fuels Sales Tax,"2,731,605"
PA,2015,Pari-mutuels Sales Tax,"10,293"
PA,2015,Public Utilities Sales Tax,"1,268,071"
PA,2015,Tobacco Products Sales Tax,"978,006"
PA,2015,Other Selective Sales and Gross Receipts Taxes,"956,706"
PA,2015,License Taxes,"2,222,055"
PA,2015,Alcoholic Beverages License,"17,183"
PA,2015,Amusements License,"16,567"
PA,2015,Corporations in General License,"116,289"
PA,2015,Hunting and Fishing License,"73,925"
PA,2015,Motor Vehicle License,"892,816"
PA,2015,Motor Vehicle Operators License,"76,668"
PA,2015,Public Utilities License,"61,678"
PA,2015,"Occupation and Business License, NEC","947,136"
PA,2015,Other License Taxes,"19,793"
PA,2015,Income Taxes,"13,999,109"
PA,2015,Individual Income Taxes,"11,488,974"
PA,2015,Corporations Net Income Taxes,"2,510,135"
PA,2015,Other Taxes,"1,477,467"
PA,2015,Death and Gift Taxes,"970,838"
PA,2015,Documentarty and Stock Transfer Taxes,"484,779"
PA,2015,Severance Taxes,X
PA,2015,"Taxes, NEC","21,850"
RI,2015,Total Taxes,"3,196,673"
RI,2015,Property Taxes,"2,480"
RI,2015,Sales and Gross Receipts Taxes,"1,620,523"
RI,2015,General Sales and Gross Receipts Taxes,"959,513"
RI,2015,Selective Sales and Gross Receipts Taxes,"661,010"
RI,2015,Alcoholic Beverages Sales Tax,"19,538"
RI,2015,Amusements Sales Tax,0
RI,2015,Insurance Premiums Sales Tax,"95,174"
RI,2015,Motor Fuels Sales Tax,"85,801"
RI,2015,Pari-mutuels Sales Tax,"1,103"
RI,2015,Public Utilities Sales Tax,"105,292"
RI,2015,Tobacco Products Sales Tax,"137,980"
RI,2015,Other Selective Sales and Gross Receipts Taxes,"216,122"
RI,2015,License Taxes,"120,832"
RI,2015,Alcoholic Beverages License,126
RI,2015,Amusements License,149
RI,2015,Corporations in General License,"4,861"
RI,2015,Hunting and Fishing License,"1,790"
RI,2015,Motor Vehicle License,"55,054"
RI,2015,Motor Vehicle Operators License,"4,949"
RI,2015,Public Utilities License,0
RI,2015,"Occupation and Business License, NEC","49,502"
RI,2015,Other License Taxes,"4,401"
RI,2015,Income Taxes,"1,391,704"
RI,2015,Individual Income Taxes,"1,215,368"
RI,2015,Corporations Net Income Taxes,"176,336"
RI,2015,Other Taxes,"61,134"
RI,2015,Death and Gift Taxes,"42,231"
RI,2015,Documentarty and Stock Transfer Taxes,"18,903"
RI,2015,Severance Taxes,X
RI,2015,"Taxes, NEC",0
SC,2015,Total Taxes,"9,633,031"
SC,2015,Property Taxes,"26,394"
SC,2015,Sales and Gross Receipts Taxes,"4,891,618"
SC,2015,General Sales and Gross Receipts Taxes,"3,568,788"
SC,2015,Selective Sales and Gross Receipts Taxes,"1,322,830"
SC,2015,Alcoholic Beverages Sales Tax,"166,501"
SC,2015,Amusements Sales Tax,"42,776"
SC,2015,Insurance Premiums Sales Tax,"248,418"
SC,2015,Motor Fuels Sales Tax,"545,955"
SC,2015,Pari-mutuels Sales Tax,0
SC,2015,Public Utilities Sales Tax,"28,483"
SC,2015,Tobacco Products Sales Tax,"25,482"
SC,2015,Other Selective Sales and Gross Receipts Taxes,"265,215"
SC,2015,License Taxes,"524,285"
SC,2015,Alcoholic Beverages License,"13,826"
SC,2015,Amusements License,"1,478"
SC,2015,Corporations in General License,"129,851"
SC,2015,Hunting and Fishing License,"18,888"
SC,2015,Motor Vehicle License,"223,718"
SC,2015,Motor Vehicle Operators License,"9,493"
SC,2015,Public Utilities License,"10,526"
SC,2015,"Occupation and Business License, NEC","99,602"
SC,2015,Other License Taxes,"16,903"
SC,2015,Income Taxes,"4,119,129"
SC,2015,Individual Income Taxes,"3,741,800"
SC,2015,Corporations Net Income Taxes,"377,329"
SC,2015,Other Taxes,"71,605"
SC,2015,Death and Gift Taxes,0
SC,2015,Documentarty and Stock Transfer Taxes,"71,605"
SC,2015,Severance Taxes,X
SC,2015,"Taxes, NEC",0
SD,2015,Total Taxes,"1,674,108"
SD,2015,Property Taxes,X
SD,2015,Sales and Gross Receipts Taxes,"1,372,682"
SD,2015,General Sales and Gross Receipts Taxes,"970,784"
SD,2015,Selective Sales and Gross Receipts Taxes,"401,898"
SD,2015,Alcoholic Beverages Sales Tax,"16,690"
SD,2015,Amusements Sales Tax,"8,993"
SD,2015,Insurance Premiums Sales Tax,"83,022"
SD,2015,Motor Fuels Sales Tax,"148,170"
SD,2015,Pari-mutuels Sales Tax,397
SD,2015,Public Utilities Sales Tax,"3,267"
SD,2015,Tobacco Products Sales Tax,"61,004"
SD,2015,Other Selective Sales and Gross Receipts Taxes,"80,355"
SD,2015,License Taxes,"288,796"
SD,2015,Alcoholic Beverages License,801
SD,2015,Amusements License,"6,709"
SD,2015,Corporations in General License,"5,228"
SD,2015,Hunting and Fishing License,"28,783"
SD,2015,Motor Vehicle License,"80,835"
SD,2015,Motor Vehicle Operators License,"3,698"
SD,2015,Public Utilities License,0
SD,2015,"Occupation and Business License, NEC","141,048"
SD,2015,Other License Taxes,"21,694"
SD,2015,Income Taxes,"4,334"
SD,2015,Individual Income Taxes,X
SD,2015,Corporations Net Income Taxes,"4,334"
SD,2015,Other Taxes,"8,296"
SD,2015,Death and Gift Taxes,0
SD,2015,Documentarty and Stock Transfer Taxes,198
SD,2015,Severance Taxes,"8,098"
SD,2015,"Taxes, NEC",0
TN,2015,Total Taxes,"12,697,655"
TN,2015,Property Taxes,X
TN,2015,Sales and Gross Receipts Taxes,"9,195,880"
TN,2015,General Sales and Gross Receipts Taxes,"6,547,191"
TN,2015,Selective Sales and Gross Receipts Taxes,"2,648,689"
TN,2015,Alcoholic Beverages Sales Tax,"159,768"
TN,2015,Amusements Sales Tax,0
TN,2015,Insurance Premiums Sales Tax,"809,567"
TN,2015,Motor Fuels Sales Tax,"857,605"
TN,2015,Pari-mutuels Sales Tax,0
TN,2015,Public Utilities Sales Tax,"8,153"
TN,2015,Tobacco Products Sales Tax,"263,566"
TN,2015,Other Selective Sales and Gross Receipts Taxes,"550,030"
TN,2015,License Taxes,"1,502,770"
TN,2015,Alcoholic Beverages License,"1,446"
TN,2015,Amusements License,323
TN,2015,Corporations in General License,"790,557"
TN,2015,Hunting and Fishing License,"33,333"
TN,2015,Motor Vehicle License,"278,716"
TN,2015,Motor Vehicle Operators License,"47,806"
TN,2015,Public Utilities License,"5,966"
TN,2015,"Occupation and Business License, NEC","335,982"
TN,2015,Other License Taxes,"8,641"
TN,2015,Income Taxes,"1,703,169"
TN,2015,Individual Income Taxes,"302,196"
TN,2015,Corporations Net Income Taxes,"1,400,973"
TN,2015,Other Taxes,"295,836"
TN,2015,Death and Gift Taxes,"84,211"
TN,2015,Documentarty and Stock Transfer Taxes,"190,034"
TN,2015,Severance Taxes,"2,195"
TN,2015,"Taxes, NEC","19,396"
TX,2015,Total Taxes,"55,086,438"
TX,2015,Property Taxes,X
TX,2015,Sales and Gross Receipts Taxes,"47,654,182"
TX,2015,General Sales and Gross Receipts Taxes,"33,664,187"
TX,2015,Selective Sales and Gross Receipts Taxes,"13,989,995"
TX,2015,Alcoholic Beverages Sales Tax,"1,147,565"
TX,2015,Amusements Sales Tax,"30,981"
TX,2015,Insurance Premiums Sales Tax,"1,986,919"
TX,2015,Motor Fuels Sales Tax,"3,462,288"
TX,2015,Pari-mutuels Sales Tax,"7,114"
TX,2015,Public Utilities Sales Tax,"654,641"
TX,2015,Tobacco Products Sales Tax,"1,491,765"
TX,2015,Other Selective Sales and Gross Receipts Taxes,"5,208,722"
TX,2015,License Taxes,"3,426,885"
TX,2015,Alcoholic Beverages License,"68,483"
TX,2015,Amusements License,"19,776"
TX,2015,Corporations in General License,"129,394"
TX,2015,Hunting and Fishing License,"108,204"
TX,2015,Motor Vehicle License,"2,107,627"
TX,2015,Motor Vehicle Operators License,"137,645"
TX,2015,Public Utilities License,"7,924"
TX,2015,"Occupation and Business License, NEC","687,419"
TX,2015,Other License Taxes,"160,413"
TX,2015,Income Taxes,0
TX,2015,Individual Income Taxes,X
TX,2015,Corporations Net Income Taxes,X
TX,2015,Other Taxes,"4,005,371"
TX,2015,Death and Gift Taxes,X
TX,2015,Documentarty and Stock Transfer Taxes,X
TX,2015,Severance Taxes,"4,005,371"
TX,2015,"Taxes, NEC",0
UT,2015,Total Taxes,"6,703,356"
UT,2015,Property Taxes,X
UT,2015,Sales and Gross Receipts Taxes,"2,766,724"
UT,2015,General Sales and Gross Receipts Taxes,"1,882,901"
UT,2015,Selective Sales and Gross Receipts Taxes,"883,823"
UT,2015,Alcoholic Beverages Sales Tax,"51,221"
UT,2015,Amusements Sales Tax,0
UT,2015,Insurance Premiums Sales Tax,"119,280"
UT,2015,Motor Fuels Sales Tax,"377,390"
UT,2015,Pari-mutuels Sales Tax,0
UT,2015,Public Utilities Sales Tax,"24,798"
UT,2015,Tobacco Products Sales Tax,"115,761"
UT,2015,Other Selective Sales and Gross Receipts Taxes,"195,373"
UT,2015,License Taxes,"280,021"
UT,2015,Alcoholic Beverages License,"1,936"
UT,2015,Amusements License,0
UT,2015,Corporations in General License,465
UT,2015,Hunting and Fishing License,"28,720"
UT,2015,Motor Vehicle License,"176,458"
UT,2015,Motor Vehicle Operators License,"16,283"
UT,2015,Public Utilities License,0
UT,2015,"Occupation and Business License, NEC","53,264"
UT,2015,Other License Taxes,"2,895"
UT,2015,Income Taxes,"3,526,399"
UT,2015,Individual Income Taxes,"3,157,718"
UT,2015,Corporations Net Income Taxes,"368,681"
UT,2015,Other Taxes,"130,212"
UT,2015,Death and Gift Taxes,0
UT,2015,Documentarty and Stock Transfer Taxes,0
UT,2015,Severance Taxes,"130,212"
UT,2015,"Taxes, NEC",0
VT,2015,Total Taxes,"3,043,152"
VT,2015,Property Taxes,"1,035,611"
VT,2015,Sales and Gross Receipts Taxes,"1,026,188"
VT,2015,General Sales and Gross Receipts Taxes,"366,667"
VT,2015,Selective Sales and Gross Receipts Taxes,"659,521"
VT,2015,Alcoholic Beverages Sales Tax,"24,839"
VT,2015,Amusements Sales Tax,0
VT,2015,Insurance Premiums Sales Tax,"57,950"
VT,2015,Motor Fuels Sales Tax,"85,619"
VT,2015,Pari-mutuels Sales Tax,0
VT,2015,Public Utilities Sales Tax,"18,277"
VT,2015,Tobacco Products Sales Tax,"76,755"
VT,2015,Other Selective Sales and Gross Receipts Taxes,"396,081"
VT,2015,License Taxes,"111,527"
VT,2015,Alcoholic Beverages License,438
VT,2015,Amusements License,29
VT,2015,Corporations in General License,"3,409"
VT,2015,Hunting and Fishing License,"7,449"
VT,2015,Motor Vehicle License,"70,033"
VT,2015,Motor Vehicle Operators License,"8,907"
VT,2015,Public Utilities License,0
VT,2015,"Occupation and Business License, NEC","19,403"
VT,2015,Other License Taxes,"1,859"
VT,2015,Income Taxes,"821,953"
VT,2015,Individual Income Taxes,"709,310"
VT,2015,Corporations Net Income Taxes,"112,643"
VT,2015,Other Taxes,"47,873"
VT,2015,Death and Gift Taxes,"9,890"
VT,2015,Documentarty and Stock Transfer Taxes,"33,622"
VT,2015,Severance Taxes,X
VT,2015,"Taxes, NEC","4,361"
VA,2015,Total Taxes,"20,536,885"
VA,2015,Property Taxes,"32,712"
VA,2015,Sales and Gross Receipts Taxes,"6,495,087"
VA,2015,General Sales and Gross Receipts Taxes,"3,793,215"
VA,2015,Selective Sales and Gross Receipts Taxes,"2,701,872"
VA,2015,Alcoholic Beverages Sales Tax,"257,229"
VA,2015,Amusements Sales Tax,105
VA,2015,Insurance Premiums Sales Tax,"451,037"
VA,2015,Motor Fuels Sales Tax,"755,681"
VA,2015,Pari-mutuels Sales Tax,0
VA,2015,Public Utilities Sales Tax,"131,270"
VA,2015,Tobacco Products Sales Tax,"177,588"
VA,2015,Other Selective Sales and Gross Receipts Taxes,"928,962"
VA,2015,License Taxes,"829,279"
VA,2015,Alcoholic Beverages License,"13,025"
VA,2015,Amusements License,102
VA,2015,Corporations in General License,"57,686"
VA,2015,Hunting and Fishing License,"25,656"
VA,2015,Motor Vehicle License,"449,616"
VA,2015,Motor Vehicle Operators License,"40,018"
VA,2015,Public Utilities License,0
VA,2015,"Occupation and Business License, NEC","239,148"
VA,2015,Other License Taxes,"4,028"
VA,2015,Income Taxes,"12,721,796"
VA,2015,Individual Income Taxes,"11,903,945"
VA,2015,Corporations Net Income Taxes,"817,851"
VA,2015,Other Taxes,"458,011"
VA,2015,Death and Gift Taxes,97
VA,2015,Documentarty and Stock Transfer Taxes,"345,747"
VA,2015,Severance Taxes,"2,258"
VA,2015,"Taxes, NEC","109,909"
WA,2015,Total Taxes,"20,644,454"
WA,2015,Property Taxes,"2,018,393"
WA,2015,Sales and Gross Receipts Taxes,"16,241,234"
WA,2015,General Sales and Gross Receipts Taxes,"12,517,831"
WA,2015,Selective Sales and Gross Receipts Taxes,"3,723,403"
WA,2015,Alcoholic Beverages Sales Tax,"331,405"
WA,2015,Amusements Sales Tax,0
WA,2015,Insurance Premiums Sales Tax,"555,976"
WA,2015,Motor Fuels Sales Tax,"1,247,817"
WA,2015,Pari-mutuels Sales Tax,"1,458"
WA,2015,Public Utilities Sales Tax,"483,211"
WA,2015,Tobacco Products Sales Tax,"474,183"
WA,2015,Other Selective Sales and Gross Receipts Taxes,"629,353"
WA,2015,License Taxes,"1,396,989"
WA,2015,Alcoholic Beverages License,"133,757"
WA,2015,Amusements License,"6,038"
WA,2015,Corporations in General License,"34,595"
WA,2015,Hunting and Fishing License,"45,738"
WA,2015,Motor Vehicle License,"564,178"
WA,2015,Motor Vehicle Operators License,"116,458"
WA,2015,Public Utilities License,"18,529"
WA,2015,"Occupation and Business License, NEC","312,495"
WA,2015,Other License Taxes,"165,201"
WA,2015,Income Taxes,0
WA,2015,Individual Income Taxes,X
WA,2015,Corporations Net Income Taxes,X
WA,2015,Other Taxes,"987,838"
WA,2015,Death and Gift Taxes,"150,295"
WA,2015,Documentarty and Stock Transfer Taxes,"793,650"
WA,2015,Severance Taxes,"43,893"
WA,2015,"Taxes, NEC",0
WV,2015,Total Taxes,"5,565,984"
WV,2015,Property Taxes,"6,678"
WV,2015,Sales and Gross Receipts Taxes,"2,619,323"
WV,2015,General Sales and Gross Receipts Taxes,"1,293,327"
WV,2015,Selective Sales and Gross Receipts Taxes,"1,325,996"
WV,2015,Alcoholic Beverages Sales Tax,"18,159"
WV,2015,Amusements Sales Tax,"46,928"
WV,2015,Insurance Premiums Sales Tax,"155,687"
WV,2015,Motor Fuels Sales Tax,"433,877"
WV,2015,Pari-mutuels Sales Tax,"2,312"
WV,2015,Public Utilities Sales Tax,"152,167"
WV,2015,Tobacco Products Sales Tax,"102,188"
WV,2015,Other Selective Sales and Gross Receipts Taxes,"414,678"
WV,2015,License Taxes,"138,918"
WV,2015,Alcoholic Beverages License,"1,333"
WV,2015,Amusements License,"2,932"
WV,2015,Corporations in General License,927
WV,2015,Hunting and Fishing License,"12,230"
WV,2015,Motor Vehicle License,"2,409"
WV,2015,Motor Vehicle Operators License,"105,298"
WV,2015,Public Utilities License,136
WV,2015,"Occupation and Business License, NEC","9,896"
WV,2015,Other License Taxes,"3,757"
WV,2015,Income Taxes,"2,121,215"
WV,2015,Individual Income Taxes,"1,932,457"
WV,2015,Corporations Net Income Taxes,"188,758"
WV,2015,Other Taxes,"679,850"
WV,2015,Death and Gift Taxes,0
WV,2015,Documentarty and Stock Transfer Taxes,"10,970"
WV,2015,Severance Taxes,"668,880"
WV,2015,"Taxes, NEC",0
WI,2015,Total Taxes,"17,019,026"
WI,2015,Property Taxes,"165,155"
WI,2015,Sales and Gross Receipts Taxes,"7,647,097"
WI,2015,General Sales and Gross Receipts Taxes,"4,892,126"
WI,2015,Selective Sales and Gross Receipts Taxes,"2,754,971"
WI,2015,Alcoholic Beverages Sales Tax,"57,596"
WI,2015,Amusements Sales Tax,223
WI,2015,Insurance Premiums Sales Tax,"184,166"
WI,2015,Motor Fuels Sales Tax,"1,014,656"
WI,2015,Pari-mutuels Sales Tax,0
WI,2015,Public Utilities Sales Tax,"395,883"
WI,2015,Tobacco Products Sales Tax,"641,464"
WI,2015,Other Selective Sales and Gross Receipts Taxes,"460,983"
WI,2015,License Taxes,"1,026,575"
WI,2015,Alcoholic Beverages License,"1,803"
WI,2015,Amusements License,709
WI,2015,Corporations in General License,"19,623"
WI,2015,Hunting and Fishing License,"67,232"
WI,2015,Motor Vehicle License,"470,542"
WI,2015,Motor Vehicle Operators License,"39,053"
WI,2015,Public Utilities License,"81,944"
WI,2015,"Occupation and Business License, NEC","340,205"
WI,2015,Other License Taxes,"5,464"
WI,2015,Income Taxes,"8,101,659"
WI,2015,Individual Income Taxes,"7,069,248"
WI,2015,Corporations Net Income Taxes,"1,032,411"
WI,2015,Other Taxes,"78,540"
WI,2015,Death and Gift Taxes,-113
WI,2015,Documentarty and Stock Transfer Taxes,"57,820"
WI,2015,Severance Taxes,"9,263"
WI,2015,"Taxes, NEC","11,570"
WY,2015,Total Taxes,"2,356,323"
WY,2015,Property Taxes,"318,569"
WY,2015,Sales and Gross Receipts Taxes,"994,850"
WY,2015,General Sales and Gross Receipts Taxes,"811,105"
WY,2015,Selective Sales and Gross Receipts Taxes,"183,745"
WY,2015,Alcoholic Beverages Sales Tax,"1,885"
WY,2015,Amusements Sales Tax,0
WY,2015,Insurance Premiums Sales Tax,"29,648"
WY,2015,Motor Fuels Sales Tax,"118,639"
WY,2015,Pari-mutuels Sales Tax,"2,524"
WY,2015,Public Utilities Sales Tax,"3,475"
WY,2015,Tobacco Products Sales Tax,"24,696"
WY,2015,Other Selective Sales and Gross Receipts Taxes,"2,878"
WY,2015,License Taxes,"153,768"
WY,2015,Alcoholic Beverages License,0
WY,2015,Amusements License,0
WY,2015,Corporations in General License,"14,153"
WY,2015,Hunting and Fishing License,"33,580"
WY,2015,Motor Vehicle License,"77,492"
WY,2015,Motor Vehicle Operators License,"2,217"
WY,2015,Public Utilities License,0
WY,2015,"Occupation and Business License, NEC","26,326"
WY,2015,Other License Taxes,0
WY,2015,Income Taxes,0
WY,2015,Individual Income Taxes,X
WY,2015,Corporations Net Income Taxes,X
WY,2015,Other Taxes,"889,136"
WY,2015,Death and Gift Taxes,0
WY,2015,Documentarty and Stock Transfer Taxes,0
WY,2015,Severance Taxes,"883,913"
WY,2015,"Taxes, NEC","5,223"